评论,时间,点赞数,标签
官服小鳄鱼，刚潜了一下，实测能过，好友位大大滴有[保卫萝卜_哇],2023-03-23 23:28:35,3,0
官服求个嘉维尔，常驻挂x模组满级专三二技能熊姐,2023-03-23 08:20:24,7,0
W：能晕就能挂机[脱单doge],2023-03-21 11:24:26,281,0
B三狼太强啦，硬抗三刀(*^ω^*)原本说想带一技能的，抗五刀让其他人输出，结果发现伺夜自己输出要比带一更好(*°▽°*)八(*°▽°*)♪,2023-03-22 03:10:31,20,0
好友位不多，希望过了能删掉给其他人腾位置,2023-03-22 06:39:16,8,0
官服Aito婷#3677一模3级2903星熊，还有好友位有需要的可以加加[呲牙],2023-03-22 07:47:34,8,0
"黄铁重铸，利刃出鞘，燃灰不熄铅封将裂，光谱逸散，蛮鳞障目……
后边忘词了。
总之，你好，最后的危机合约！",2023-03-21 08:47:05,249,0
b服，好友位还有很多，欢迎来加,2023-03-22 03:36:17,5,0
全勤达成[小电视_笑],2023-03-22 10:09:09,16,0
B服 求加好友[崩坏3_送你一朵花],2023-03-23 06:16:17,4,0
有没有b服的满练星熊，孩子在等[大哭][大哭],2023-03-23 15:07:22,3,0
学了思路，终于打过去了[脱单doge],2023-03-24 03:39:59,2,0
凹了一天了，终于过去了，最后一次合约了嘛，不当18人了[脱单doge],2023-03-22 14:49:35,2,0
我搁屋里面打危机合约打崩溃，我妈在外面说我走火入魔了，然后我就更崩溃了,2023-03-24 05:14:27,3,0
这关练度低点的星熊也能打，放4个奶慢慢刮就行了，半个小时刮死,2023-03-23 15:30:53,3,0
试了好几次，终于过了,2023-03-21 10:21:39,19,0
"2023年3月21日下午四点
我一定要自己打18
2023年3月21日下午五点
b站之上的神秘主宰
执掌通关的蓝黑之王
超脱于这个时代的攻略制作者
请您打开您国度的大门
赐予我18的通关方法[笑]",2023-03-21 10:29:59,29,0
感谢zc，打年糕的思路真的是最平民的[脱单doge],2023-03-23 05:58:50,3,0
极限！,2023-03-24 07:12:12,2,0
官服毕业熊申请出战[明日方舟·音律联觉-灯下定影_正在记录][明日方舟·音律联觉-灯下定影_正在记录][明日方舟·音律联觉-灯下定影_正在记录],2023-03-21 17:29:48,30,0
官服小鳄鱼，刚潜了一下，实测能过，好友位大大滴有[保卫萝卜_哇],2023-03-23 23:28:35,3,0
官服求个嘉维尔，常驻挂x模组满级专三二技能熊姐,2023-03-23 08:20:24,7,0
W：能晕就能挂机[脱单doge],2023-03-21 11:24:26,281,0
B三狼太强啦，硬抗三刀(*^ω^*)原本说想带一技能的，抗五刀让其他人输出，结果发现伺夜自己输出要比带一更好(*°▽°*)八(*°▽°*)♪,2023-03-22 03:10:31,20,0
好友位不多，希望过了能删掉给其他人腾位置,2023-03-22 06:39:16,8,0
官服Aito婷#3677一模3级2903星熊，还有好友位有需要的可以加加[呲牙],2023-03-22 07:47:34,8,0
"黄铁重铸，利刃出鞘，燃灰不熄铅封将裂，光谱逸散，蛮鳞障目……
后边忘词了。
总之，你好，最后的危机合约！",2023-03-21 08:47:05,249,0
b服，好友位还有很多，欢迎来加,2023-03-22 03:36:17,5,0
全勤达成[小电视_笑],2023-03-22 10:09:09,16,0
B服 求加好友[崩坏3_送你一朵花],2023-03-23 06:16:17,4,0
有没有b服的满练星熊，孩子在等[大哭][大哭],2023-03-23 15:07:22,3,0
学了思路，终于打过去了[脱单doge],2023-03-24 03:39:59,2,0
凹了一天了，终于过去了，最后一次合约了嘛，不当18人了[脱单doge],2023-03-22 14:49:35,2,0
我搁屋里面打危机合约打崩溃，我妈在外面说我走火入魔了，然后我就更崩溃了,2023-03-24 05:14:27,3,0
这关练度低点的星熊也能打，放4个奶慢慢刮就行了，半个小时刮死,2023-03-23 15:30:53,3,0
试了好几次，终于过了,2023-03-21 10:21:39,19,0
"2023年3月21日下午四点
我一定要自己打18
2023年3月21日下午五点
b站之上的神秘主宰
执掌通关的蓝黑之王
超脱于这个时代的攻略制作者
请您打开您国度的大门
赐予我18的通关方法[笑]",2023-03-21 10:29:59,29,0
感谢zc，打年糕的思路真的是最平民的[脱单doge],2023-03-23 05:58:50,3,0
极限！,2023-03-24 07:12:12,2,0
官服毕业熊申请出战[明日方舟·音律联觉-灯下定影_正在记录][明日方舟·音律联觉-灯下定影_正在记录][明日方舟·音律联觉-灯下定影_正在记录],2023-03-21 17:29:48,30,0
官服小鳄鱼，刚潜了一下，实测能过，好友位大大滴有[保卫萝卜_哇],2023-03-23 23:28:35,3,0
官服求个嘉维尔，常驻挂x模组满级专三二技能熊姐,2023-03-23 08:20:24,7,0
W：能晕就能挂机[脱单doge],2023-03-21 11:24:26,281,0
B三狼太强啦，硬抗三刀(*^ω^*)原本说想带一技能的，抗五刀让其他人输出，结果发现伺夜自己输出要比带一更好(*°▽°*)八(*°▽°*)♪,2023-03-22 03:10:31,20,0
好友位不多，希望过了能删掉给其他人腾位置,2023-03-22 06:39:16,8,0
官服Aito婷#3677一模3级2903星熊，还有好友位有需要的可以加加[呲牙],2023-03-22 07:47:34,8,0
"黄铁重铸，利刃出鞘，燃灰不熄铅封将裂，光谱逸散，蛮鳞障目……
后边忘词了。
总之，你好，最后的危机合约！",2023-03-21 08:47:05,249,0
b服，好友位还有很多，欢迎来加,2023-03-22 03:36:17,5,0
全勤达成[小电视_笑],2023-03-22 10:09:09,16,0
B服 求加好友[崩坏3_送你一朵花],2023-03-23 06:16:17,4,0
有没有b服的满练星熊，孩子在等[大哭][大哭],2023-03-23 15:07:22,3,0
学了思路，终于打过去了[脱单doge],2023-03-24 03:39:59,2,0
凹了一天了，终于过去了，最后一次合约了嘛，不当18人了[脱单doge],2023-03-22 14:49:35,2,0
我搁屋里面打危机合约打崩溃，我妈在外面说我走火入魔了，然后我就更崩溃了,2023-03-24 05:14:27,3,0
这关练度低点的星熊也能打，放4个奶慢慢刮就行了，半个小时刮死,2023-03-23 15:30:53,3,0
"2023年3月21日下午四点
我一定要自己打18
2023年3月21日下午五点
b站之上的神秘主宰
执掌通关的蓝黑之王
超脱于这个时代的攻略制作者
请您打开您国度的大门
赐予我18的通关方法[笑]",2023-03-21 10:29:59,29,0
感谢zc，打年糕的思路真的是最平民的[脱单doge],2023-03-23 05:58:50,3,0
极限！,2023-03-24 07:12:12,2,0
官服毕业熊申请出战[明日方舟·音律联觉-灯下定影_正在记录][明日方舟·音律联觉-灯下定影_正在记录][明日方舟·音律联觉-灯下定影_正在记录],2023-03-21 17:29:48,30,0
b服，有需要的可以拿，星熊我这几天拉一拉[捂眼],2023-03-22 01:41:04,32,0
官服小鳄鱼，刚潜了一下，实测能过，好友位大大滴有[保卫萝卜_哇],2023-03-23 23:28:35,3,0
官服求个嘉维尔，常驻挂x模组满级专三二技能熊姐,2023-03-23 08:20:24,7,0
W：能晕就能挂机[脱单doge],2023-03-21 11:24:26,281,0
B三狼太强啦，硬抗三刀(*^ω^*)原本说想带一技能的，抗五刀让其他人输出，结果发现伺夜自己输出要比带一更好(*°▽°*)八(*°▽°*)♪,2023-03-22 03:10:31,20,0
好友位不多，希望过了能删掉给其他人腾位置,2023-03-22 06:39:16,8,0
官服Aito婷#3677一模3级2903星熊，还有好友位有需要的可以加加[呲牙],2023-03-22 07:47:34,8,0
"黄铁重铸，利刃出鞘，燃灰不熄铅封将裂，光谱逸散，蛮鳞障目……
后边忘词了。
总之，你好，最后的危机合约！",2023-03-21 08:47:05,249,0
b服，好友位还有很多，欢迎来加,2023-03-22 03:36:17,5,0
全勤达成[小电视_笑],2023-03-22 10:09:09,16,0
B服 求加好友[崩坏3_送你一朵花],2023-03-23 06:16:17,4,0
有没有b服的满练星熊，孩子在等[大哭][大哭],2023-03-23 15:07:22,3,0
学了思路，终于打过去了[脱单doge],2023-03-24 03:39:59,2,0
凹了一天了，终于过去了，最后一次合约了嘛，不当18人了[脱单doge],2023-03-22 14:49:35,2,0
我搁屋里面打危机合约打崩溃，我妈在外面说我走火入魔了，然后我就更崩溃了,2023-03-24 05:14:27,3,0
这关练度低点的星熊也能打，放4个奶慢慢刮就行了，半个小时刮死,2023-03-23 15:30:53,3,0
"2023年3月21日下午四点
我一定要自己打18
2023年3月21日下午五点
b站之上的神秘主宰
执掌通关的蓝黑之王
超脱于这个时代的攻略制作者
请您打开您国度的大门
赐予我18的通关方法[笑]",2023-03-21 10:29:59,29,0
感谢zc，打年糕的思路真的是最平民的[脱单doge],2023-03-23 05:58:50,3,0
极限！,2023-03-24 07:12:12,2,0
官服毕业熊申请出战[明日方舟·音律联觉-灯下定影_正在记录][明日方舟·音律联觉-灯下定影_正在记录][明日方舟·音律联觉-灯下定影_正在记录],2023-03-21 17:29:48,30,0
b服，有需要的可以拿，星熊我这几天拉一拉[捂眼],2023-03-22 01:41:04,32,0
官服小鳄鱼，刚潜了一下，实测能过，好友位大大滴有[保卫萝卜_哇],2023-03-23 23:28:35,3,0
官服求个嘉维尔，常驻挂x模组满级专三二技能熊姐,2023-03-23 08:20:24,7,0
W：能晕就能挂机[脱单doge],2023-03-21 11:24:26,281,0
B三狼太强啦，硬抗三刀(*^ω^*)原本说想带一技能的，抗五刀让其他人输出，结果发现伺夜自己输出要比带一更好(*°▽°*)八(*°▽°*)♪,2023-03-22 03:10:31,20,0
好友位不多，希望过了能删掉给其他人腾位置,2023-03-22 06:39:16,8,0
官服Aito婷#3677一模3级2903星熊，还有好友位有需要的可以加加[呲牙],2023-03-22 07:47:34,8,0
"黄铁重铸，利刃出鞘，燃灰不熄铅封将裂，光谱逸散，蛮鳞障目……
后边忘词了。
总之，你好，最后的危机合约！",2023-03-21 08:47:05,249,0
b服，好友位还有很多，欢迎来加,2023-03-22 03:36:17,5,0
全勤达成[小电视_笑],2023-03-22 10:09:09,16,0
B服 求加好友[崩坏3_送你一朵花],2023-03-23 06:16:17,4,0
有没有b服的满练星熊，孩子在等[大哭][大哭],2023-03-23 15:07:22,3,0
学了思路，终于打过去了[脱单doge],2023-03-24 03:39:59,2,0
凹了一天了，终于过去了，最后一次合约了嘛，不当18人了[脱单doge],2023-03-22 14:49:35,2,0
我搁屋里面打危机合约打崩溃，我妈在外面说我走火入魔了，然后我就更崩溃了,2023-03-24 05:14:27,3,0
这关练度低点的星熊也能打，放4个奶慢慢刮就行了，半个小时刮死,2023-03-23 15:30:53,3,0
"2023年3月21日下午四点
我一定要自己打18
2023年3月21日下午五点
b站之上的神秘主宰
执掌通关的蓝黑之王
超脱于这个时代的攻略制作者
请您打开您国度的大门
赐予我18的通关方法[笑]",2023-03-21 10:29:59,29,0
感谢zc，打年糕的思路真的是最平民的[脱单doge],2023-03-23 05:58:50,3,0
极限！,2023-03-24 07:12:12,2,0
官服毕业熊申请出战[明日方舟·音律联觉-灯下定影_正在记录][明日方舟·音律联觉-灯下定影_正在记录][明日方舟·音律联觉-灯下定影_正在记录],2023-03-21 17:29:48,30,0
b服，有需要的可以拿，星熊我这几天拉一拉[捂眼],2023-03-22 01:41:04,32,0
官服小鳄鱼，刚潜了一下，实测能过，好友位大大滴有[保卫萝卜_哇],2023-03-23 23:28:35,3,0
官服求个嘉维尔，常驻挂x模组满级专三二技能熊姐,2023-03-23 08:20:24,7,0
W：能晕就能挂机[脱单doge],2023-03-21 11:24:26,281,0
B三狼太强啦，硬抗三刀(*^ω^*)原本说想带一技能的，抗五刀让其他人输出，结果发现伺夜自己输出要比带一更好(*°▽°*)八(*°▽°*)♪,2023-03-22 03:10:31,20,0
好友位不多，希望过了能删掉给其他人腾位置,2023-03-22 06:39:16,8,0
官服Aito婷#3677一模3级2903星熊，还有好友位有需要的可以加加[呲牙],2023-03-22 07:47:34,8,0
"黄铁重铸，利刃出鞘，燃灰不熄铅封将裂，光谱逸散，蛮鳞障目……
后边忘词了。
总之，你好，最后的危机合约！",2023-03-21 08:47:05,249,0
b服，好友位还有很多，欢迎来加,2023-03-22 03:36:17,5,0
全勤达成[小电视_笑],2023-03-22 10:09:09,16,0
B服 求加好友[崩坏3_送你一朵花],2023-03-23 06:16:17,4,0
有没有b服的满练星熊，孩子在等[大哭][大哭],2023-03-23 15:07:22,3,0
学了思路，终于打过去了[脱单doge],2023-03-24 03:39:59,2,0
凹了一天了，终于过去了，最后一次合约了嘛，不当18人了[脱单doge],2023-03-22 14:49:35,2,0
我搁屋里面打危机合约打崩溃，我妈在外面说我走火入魔了，然后我就更崩溃了,2023-03-24 05:14:27,3,0
这关练度低点的星熊也能打，放4个奶慢慢刮就行了，半个小时刮死,2023-03-23 15:30:53,3,0
"2023年3月21日下午四点
我一定要自己打18
2023年3月21日下午五点
b站之上的神秘主宰
执掌通关的蓝黑之王
超脱于这个时代的攻略制作者
请您打开您国度的大门
赐予我18的通关方法[笑]",2023-03-21 10:29:59,29,0
感谢zc，打年糕的思路真的是最平民的[脱单doge],2023-03-23 05:58:50,3,0
极限！,2023-03-24 07:12:12,2,0
官服毕业熊申请出战[明日方舟·音律联觉-灯下定影_正在记录][明日方舟·音律联觉-灯下定影_正在记录][明日方舟·音律联觉-灯下定影_正在记录],2023-03-21 17:29:48,30,0
b服，有需要的可以拿，星熊我这几天拉一拉[捂眼],2023-03-22 01:41:04,32,0
官服小鳄鱼，刚潜了一下，实测能过，好友位大大滴有[保卫萝卜_哇],2023-03-23 23:28:35,3,0
官服求个嘉维尔，常驻挂x模组满级专三二技能熊姐,2023-03-23 08:20:24,7,0
W：能晕就能挂机[脱单doge],2023-03-21 11:24:26,281,0
B三狼太强啦，硬抗三刀(*^ω^*)原本说想带一技能的，抗五刀让其他人输出，结果发现伺夜自己输出要比带一更好(*°▽°*)八(*°▽°*)♪,2023-03-22 03:10:31,20,0
好友位不多，希望过了能删掉给其他人腾位置,2023-03-22 06:39:16,8,0
官服Aito婷#3677一模3级2903星熊，还有好友位有需要的可以加加[呲牙],2023-03-22 07:47:34,8,0
"黄铁重铸，利刃出鞘，燃灰不熄铅封将裂，光谱逸散，蛮鳞障目……
后边忘词了。
总之，你好，最后的危机合约！",2023-03-21 08:47:05,249,0
b服，好友位还有很多，欢迎来加,2023-03-22 03:36:17,5,0
全勤达成[小电视_笑],2023-03-22 10:09:09,16,0
B服 求加好友[崩坏3_送你一朵花],2023-03-23 06:16:17,4,0
有没有b服的满练星熊，孩子在等[大哭][大哭],2023-03-23 15:07:22,3,0
学了思路，终于打过去了[脱单doge],2023-03-24 03:39:59,2,0
凹了一天了，终于过去了，最后一次合约了嘛，不当18人了[脱单doge],2023-03-22 14:49:35,2,0
我搁屋里面打危机合约打崩溃，我妈在外面说我走火入魔了，然后我就更崩溃了,2023-03-24 05:14:27,3,0
这关练度低点的星熊也能打，放4个奶慢慢刮就行了，半个小时刮死,2023-03-23 15:30:53,3,0
试了好几次，终于过了,2023-03-21 10:21:39,19,0
"2023年3月21日下午四点
我一定要自己打18
2023年3月21日下午五点
b站之上的神秘主宰
执掌通关的蓝黑之王
超脱于这个时代的攻略制作者
请您打开您国度的大门
赐予我18的通关方法[笑]",2023-03-21 10:29:59,29,0
感谢zc，打年糕的思路真的是最平民的[脱单doge],2023-03-23 05:58:50,3,0
极限！,2023-03-24 07:12:12,2,0
官服毕业熊申请出战[明日方舟·音律联觉-灯下定影_正在记录][明日方舟·音律联觉-灯下定影_正在记录][明日方舟·音律联觉-灯下定影_正在记录],2023-03-21 17:29:48,30,0
官服小鳄鱼，刚潜了一下，实测能过，好友位大大滴有[保卫萝卜_哇],2023-03-23 23:28:35,3,0
官服求个嘉维尔，常驻挂x模组满级专三二技能熊姐,2023-03-23 08:20:24,7,0
W：能晕就能挂机[脱单doge],2023-03-21 11:24:26,281,0
B三狼太强啦，硬抗三刀(*^ω^*)原本说想带一技能的，抗五刀让其他人输出，结果发现伺夜自己输出要比带一更好(*°▽°*)八(*°▽°*)♪,2023-03-22 03:10:31,20,0
好友位不多，希望过了能删掉给其他人腾位置,2023-03-22 06:39:16,8,0
官服Aito婷#3677一模3级2903星熊，还有好友位有需要的可以加加[呲牙],2023-03-22 07:47:34,8,0
"黄铁重铸，利刃出鞘，燃灰不熄铅封将裂，光谱逸散，蛮鳞障目……
后边忘词了。
总之，你好，最后的危机合约！",2023-03-21 08:47:05,249,0
b服，好友位还有很多，欢迎来加,2023-03-22 03:36:17,5,0
全勤达成[小电视_笑],2023-03-22 10:09:09,16,0
B服 求加好友[崩坏3_送你一朵花],2023-03-23 06:16:17,4,0
有没有b服的满练星熊，孩子在等[大哭][大哭],2023-03-23 15:07:22,3,0
学了思路，终于打过去了[脱单doge],2023-03-24 03:39:59,2,0
凹了一天了，终于过去了，最后一次合约了嘛，不当18人了[脱单doge],2023-03-22 14:49:35,2,0
我搁屋里面打危机合约打崩溃，我妈在外面说我走火入魔了，然后我就更崩溃了,2023-03-24 05:14:27,3,0
这关练度低点的星熊也能打，放4个奶慢慢刮就行了，半个小时刮死,2023-03-23 15:30:53,3,0
试了好几次，终于过了,2023-03-21 10:21:39,19,0
"2023年3月21日下午四点
我一定要自己打18
2023年3月21日下午五点
b站之上的神秘主宰
执掌通关的蓝黑之王
超脱于这个时代的攻略制作者
请您打开您国度的大门
赐予我18的通关方法[笑]",2023-03-21 10:29:59,29,0
感谢zc，打年糕的思路真的是最平民的[脱单doge],2023-03-23 05:58:50,3,0
极限！,2023-03-24 07:12:12,2,0
官服毕业熊申请出战[明日方舟·音律联觉-灯下定影_正在记录][明日方舟·音律联觉-灯下定影_正在记录][明日方舟·音律联觉-灯下定影_正在记录],2023-03-21 17:29:48,30,0
官服小鳄鱼，刚潜了一下，实测能过，好友位大大滴有[保卫萝卜_哇],2023-03-23 23:28:35,3,0
官服求个嘉维尔，常驻挂x模组满级专三二技能熊姐,2023-03-23 08:20:24,7,0
W：能晕就能挂机[脱单doge],2023-03-21 11:24:26,281,0
B三狼太强啦，硬抗三刀(*^ω^*)原本说想带一技能的，抗五刀让其他人输出，结果发现伺夜自己输出要比带一更好(*°▽°*)八(*°▽°*)♪,2023-03-22 03:10:31,20,0
好友位不多，希望过了能删掉给其他人腾位置,2023-03-22 06:39:16,8,0
官服Aito婷#3677一模3级2903星熊，还有好友位有需要的可以加加[呲牙],2023-03-22 07:47:34,8,0
"黄铁重铸，利刃出鞘，燃灰不熄铅封将裂，光谱逸散，蛮鳞障目……
后边忘词了。
总之，你好，最后的危机合约！",2023-03-21 08:47:05,249,0
b服，好友位还有很多，欢迎来加,2023-03-22 03:36:17,5,0
全勤达成[小电视_笑],2023-03-22 10:09:09,16,0
B服 求加好友[崩坏3_送你一朵花],2023-03-23 06:16:17,4,0
有没有b服的满练星熊，孩子在等[大哭][大哭],2023-03-23 15:07:22,3,0
学了思路，终于打过去了[脱单doge],2023-03-24 03:39:59,2,0
凹了一天了，终于过去了，最后一次合约了嘛，不当18人了[脱单doge],2023-03-22 14:49:35,2,0
我搁屋里面打危机合约打崩溃，我妈在外面说我走火入魔了，然后我就更崩溃了,2023-03-24 05:14:27,3,0
这关练度低点的星熊也能打，放4个奶慢慢刮就行了，半个小时刮死,2023-03-23 15:30:53,3,0
试了好几次，终于过了,2023-03-21 10:21:39,19,0
"2023年3月21日下午四点
我一定要自己打18
2023年3月21日下午五点
b站之上的神秘主宰
执掌通关的蓝黑之王
超脱于这个时代的攻略制作者
请您打开您国度的大门
赐予我18的通关方法[笑]",2023-03-21 10:29:59,29,0
感谢zc，打年糕的思路真的是最平民的[脱单doge],2023-03-23 05:58:50,3,0
极限！,2023-03-24 07:12:12,2,0
官服毕业熊申请出战[明日方舟·音律联觉-灯下定影_正在记录][明日方舟·音律联觉-灯下定影_正在记录][明日方舟·音律联觉-灯下定影_正在记录],2023-03-21 17:29:48,30,0
官服小鳄鱼，刚潜了一下，实测能过，好友位大大滴有[保卫萝卜_哇],2023-03-23 23:28:35,3,0
官服求个嘉维尔，常驻挂x模组满级专三二技能熊姐,2023-03-23 08:20:24,7,0
W：能晕就能挂机[脱单doge],2023-03-21 11:24:26,281,0
B三狼太强啦，硬抗三刀(*^ω^*)原本说想带一技能的，抗五刀让其他人输出，结果发现伺夜自己输出要比带一更好(*°▽°*)八(*°▽°*)♪,2023-03-22 03:10:31,20,0
好友位不多，希望过了能删掉给其他人腾位置,2023-03-22 06:39:16,8,0
官服Aito婷#3677一模3级2903星熊，还有好友位有需要的可以加加[呲牙],2023-03-22 07:47:34,8,0
"黄铁重铸，利刃出鞘，燃灰不熄铅封将裂，光谱逸散，蛮鳞障目……
后边忘词了。
总之，你好，最后的危机合约！",2023-03-21 08:47:05,249,0
b服，好友位还有很多，欢迎来加,2023-03-22 03:36:17,5,0
全勤达成[小电视_笑],2023-03-22 10:09:09,16,0
B服 求加好友[崩坏3_送你一朵花],2023-03-23 06:16:17,4,0
有没有b服的满练星熊，孩子在等[大哭][大哭],2023-03-23 15:07:22,3,0
学了思路，终于打过去了[脱单doge],2023-03-24 03:39:59,2,0
凹了一天了，终于过去了，最后一次合约了嘛，不当18人了[脱单doge],2023-03-22 14:49:35,2,0
我搁屋里面打危机合约打崩溃，我妈在外面说我走火入魔了，然后我就更崩溃了,2023-03-24 05:14:27,3,0
这关练度低点的星熊也能打，放4个奶慢慢刮就行了，半个小时刮死,2023-03-23 15:30:53,3,0
"2023年3月21日下午四点
我一定要自己打18
2023年3月21日下午五点
b站之上的神秘主宰
执掌通关的蓝黑之王
超脱于这个时代的攻略制作者
请您打开您国度的大门
赐予我18的通关方法[笑]",2023-03-21 10:29:59,29,0
感谢zc，打年糕的思路真的是最平民的[脱单doge],2023-03-23 05:58:50,3,0
极限！,2023-03-24 07:12:12,2,0
官服毕业熊申请出战[明日方舟·音律联觉-灯下定影_正在记录][明日方舟·音律联觉-灯下定影_正在记录][明日方舟·音律联觉-灯下定影_正在记录],2023-03-21 17:29:48,30,0
b服，有需要的可以拿，星熊我这几天拉一拉[捂眼],2023-03-22 01:41:04,32,0
